POLYMER_USED,DRUG,drug_logp,poly_topological_surface_area_sum_fullpolymerfeaturizer,sa_score_H,drug_homo_eV,drug_lumo_eV,drug_charge_at_WATER_PH
*CCCCCCCCCOC(=O)NCCOCCCCCCCNC(=O)OCCCCCOC(=O)O*,CN(C)C(=N)N=C(N)N,-1.243829999999999,121.42,2.5554125217499877,-9.073772568841663,-5.41190050037382,2
*[Si](*)(Cl)CCCCCCOCCOc1ccc(/N=N/c2ccc(C)c([N+](=O)[O-])c2)cc1,CN(C)C(=N)N=C(N)N,-1.243829999999999,86.32,2.9193917429349696,-9.017262602049373,-5.205264863570114,2
*/C=C/c1cc([N+](=O)[O-])c(C(C)(C)c2ccc(C(C)(C)c3ccc(C(*)=O)cc3)cc2)cc1-c1ccccc1,CN(C)C(=N)N=C(N)N,-1.243829999999999,60.21,3.1546604951887103,-9.233456593438245,-5.420581312670468,2
*CCCCCOc1ccc(-c2ccc(OCCOCCOC(=O)c3ccc(C(=O)O*)cc3)cc2)cc1,CN(C)C(=N)N=C(N)N,-1.243829999999999,80.29,2.1017514881615273,-9.026282554639808,-5.41640852596239,2
*CCCCCCCCCCCCCCCCCCCCCOC(=O)CCNC(=O)c1ccc(C(=O)NCCCCCCNC(=O)c2ccc(*)cc2)cc1,CN(C)C(=N)N=C(N)N,-1.243829999999999,113.6,2.507469548823151,-9.440300241143417,-5.971024195113188,2
*Oc1ccc(Oc2ccc(C(=O)c3ccc(Oc4ccc(C(*)=O)cc4)cc3)cc2)cc1,CN(C)C(=N)N=C(N)N,-1.243829999999999,61.830000000000005,1.9374912135648543,-9.511371259155055,-6.132763545342967,2
*Oc1ccc(/C=N/c2ccc(/C=N/c3ccc(CC(=O)Sc4ccc(C(*)=O)nc4)cc3)cc2)cc1C(C)(C)CC,CN(C)C(=N)N=C(N)N,-1.243829999999999,80.98,3.233377596809733,-9.359322789953207,-5.850386755406455,2
